股票代码,股票名称,行业,细分赛道,标签,月涨幅(%),年涨幅(%),港股代码,基本面打分,短线打分,长线打分,目标价,备注
688525,佰维存储,芯片智造,存储芯片,核心供应商、技术领先,18.95,337.29,无,92.0,77.4,92.0,738.6,基本面92.0 | 短线77.4 | 中期93.0 | 存储芯片、技术领先、核心供应商、核心；总市值2363亿，弹性或空间略受限；PE(TTM)20.4倍，增速能部分消化估值；毛利率53.3%，盈利壁垒强；ROE 42.0%；营收同比341.5%；利润同比1567.9% | 月涨幅分位39%；换手率9.85%；成交额224.5亿；价在MA20上方
301308,江波龙,芯片智造,存储芯片,核心供应商、技术突破,47.8,178.7,无,89.0,84.3,89.0,999.79,基本面89.0 | 短线84.3 | 中期91.6 | 存储芯片、技术突破、核心供应商、核心；总市值2875亿，体量偏大导致赔率下降；PE(TTM)18.6倍，增速能部分消化估值；毛利率55.5%，盈利壁垒强；ROE 39.4%；营收同比132.8%；利润同比2644.0% | 月涨幅分位78%；换手率8.78%；成交额166.0亿；价在MA20上方
603986,兆易创新,芯片智造,存储芯片,行业龙头、产能领先、国产替代,72.97,260.66,03986,76.0,85.4,76.0,1016.02,基本面76.0 | 短线85.4 | 中期97.7 | 存储芯片、行业龙头、龙头、产能领先、国产替代；总市值5403亿，体量偏大导致赔率下降；PE(TTM)92.5倍，增速能部分消化估值；毛利率57.1%，盈利壁垒强；ROE 6.1%；营收同比119.4%；利润同比522.8% | 月涨幅分位92%；换手率7.39%；成交额374.2亿；价在MA20上方
300604,长川科技,芯片智造,刻蚀设备,测试核心、国产替代,39.37,211.14,无,74.0,77.2,74.0,383.17,基本面74.0 | 短线77.2 | 中期96.0 | 刻蚀设备、国产替代、核心；总市值1998亿，弹性或空间略受限；PE(TTM)141.7倍，增速能部分消化估值；毛利率56.8%，盈利壁垒强；ROE 7.2%；营收同比69.1%；利润同比217.6% | 月涨幅分位68%；换手率7.18%；成交额112.9亿；价在MA20上方
300042,朗科科技,芯片智造,存储芯片,核心供应商、国产替代,32.34,172.65,无,81.0,63.8,81.0,94.7,基本面81.0 | 短线63.8 | 中期83.0 | 存储芯片、国产替代、核心供应商、核心；总市值140亿，处于进可攻退可守区间；PE(TTM)42.8倍，增速能部分消化估值；毛利率25.2%，处于一般水平；ROE 7.5%；营收同比107.8%；利润同比744.4% | 月涨幅分位61%；换手率13.35%；成交额18.9亿；价在MA20上方
300054,鼎龙股份,芯片智造,CMP设备、韬定律,抛光垫龙头、产能领先,28.77,153.52,无,78.0,71.9,78.0,121.9,基本面78.0 | 短线71.9 | 中期85.7 | CMP设备、龙头、产能领先；总市值906亿，体量适中；PE(TTM)90.2倍，增速能部分消化估值；毛利率54.9%，盈利壁垒强；ROE 4.7%偏低；营收同比23.8%；利润同比78.0% | 月涨幅分位55%；换手率7.76%；成交额55.8亿；价在MA20上方
603083,剑桥科技,光模块,高速光模块、LPO模块,弹性龙头、业绩高增、北美订单、资金关注,22.87,83.39,06166,66.0,64.3,66.0,284.64,基本面66.0 | 短线64.3 | 中期90.0 | 高速光模块、龙头；总市值906亿，体量适中；PE(TTM)191.3倍，增速能部分消化估值；毛利率29.3%，处于一般水平；ROE 1.6%偏低；营收同比44.0%；利润同比276.4% | 月涨幅分位45%；换手率8.68%；成交额59.8亿；价在MA20上方
300308,中际旭创,光模块,高速光模块、硅光模块、LPO模块、CPO光引擎,全球龙头、英伟达核心、技术标杆、机构重仓,25.45,105.89,无,81.0,51.8,81.0,1628.55,基本面81.0 | 短线51.8 | 中期83.8 | CPO光引擎、高速光模块、硅光模块、全球龙头、龙头、技术标杆、机构重仓、核心；总市值13984亿，体量偏大导致赔率下降；PE(TTM)61.0倍，增速能部分消化估值；毛利率46.1%，盈利能力优秀；ROE 17.5%；营收同比192.1%；利润同比262.3% | 月涨幅分位48%；换手率3.18%；成交额444.8亿；价在MA20上方
688072,拓荆科技,芯片智造,薄膜沉积、韬定律、键合,PECVD龙头、产能领先,73.44,152.37,无,76.0,73.9,76.0,1071.99,基本面76.0 | 短线73.9 | 中期90.8 | 薄膜沉积、龙头、产能领先；总市值2352亿，弹性或空间略受限；PE(TTM)103.0倍，增速能部分消化估值；毛利率41.7%，盈利能力优秀；ROE 8.2%；营收同比57.0%；利润同比488.3% | 月涨幅分位93%；换手率2.84%；成交额66.9亿；价在MA20上方
688498,源杰科技,光模块,高速光芯片,光芯片龙头、EML量产、技术壁垒、国产核心,16.77,301.38,无,72.0,62.0,72.0,2102.8,基本面72.0 | 短线62.0 | 中期94.2 | 高速光芯片、龙头、核心；总市值2212亿，弹性或空间略受限；PE(TTM)308.2倍，增速能部分消化估值；毛利率77.8%，盈利壁垒强；ROE 7.4%；营收同比320.9%；利润同比1153.1% | 月涨幅分位34%；换手率3.96%；成交额86.9亿；价在MA20上方
688019,安集科技,芯片智造,CMP设备,抛光液龙头、产能领先,27.12,64.11,无,84.0,63.2,84.0,350.07,基本面84.0 | 短线63.2 | 中期78.3 | CMP设备、龙头、产能领先；总市值624亿，处于进可攻退可守区间；PE(TTM)75.2倍；毛利率55.5%，盈利壁垒强；ROE 5.7%；营收同比32.8%；利润同比23.0% | 月涨幅分位52%；换手率5.11%；成交额31.5亿；价在MA20上方
000988,华工科技,光模块,高速光模块,全能龙头、NPO落地、国资背景、协同布局,38.64,103.52,无,67.0,57.2,67.0,199.71,基本面67.0 | 短线57.2 | 中期75.3 | 高速光模块、龙头、国资背景；总市值1618亿，弹性或空间略受限；PE(TTM)63.4倍，增速能部分消化估值；毛利率19.8%，利润垫偏薄；ROE 5.6%；营收同比27.1%；利润同比55.8% | 月涨幅分位67%；换手率6.65%；成交额110.1亿；价在MA20上方
002281,光迅科技,光模块,硅光模块、高速光芯片、光纤光缆,国家队龙头、全产业链、双轨覆盖、技术储备,57.5,243.59,无,55.0,66.1,55.0,270.39,基本面55.0 | 短线66.1 | 中期91.7 | 硅光模块、高速光芯片、光纤光缆、国家队龙头、龙头、全产业链；总市值1989亿，弹性或空间略受限；PE(TTM)207.2倍；毛利率26.8%，处于一般水平；ROE 2.4%偏低；营收同比24.8%；利润同比59.8% | 月涨幅分位87%；换手率7.07%；成交额135.3亿；价在MA20上方
688313,仕佳光子,光模块,硅光模块,硅光黑马、无源龙头、自主可控、技术壁垒,8.01,103.1,无,67.0,50.8,67.0,194.88,基本面67.0 | 短线50.8 | 中期81.9 | 硅光模块、龙头、自主可控；总市值812亿，体量适中；PE(TTM)174.8倍；毛利率34.1%，盈利能力良好；ROE 7.2%；营收同比32.2%；利润同比24.7% | 月涨幅分位19%；换手率7.61%；成交额63.2亿；价在MA20上方
000021,深科技,芯片智造,存储芯片,存储连接芯片、核心供应商、国产替代,52.44,113.53,无,55.0,85.2,55.0,63.39,基本面55.0 | 短线85.2 | 中期87.2 | 存储芯片、国产替代、核心供应商、核心；总市值842亿，体量适中；PE(TTM)87.0倍；毛利率17.1%，利润垫偏薄；ROE 1.8%偏低；营收同比10.7%；利润同比35.3% | 月涨幅分位81%；换手率14.44%；成交额124.6亿；价在MA20上方
688008,澜起科技,芯片智造,存储芯片,内存接口龙头、技术标杆,62.39,122.26,06889,74.0,72.4,74.0,331.73,基本面74.0 | 短线72.4 | 中期84.7 | 存储芯片、龙头、技术标杆；总市值3200亿，体量偏大导致赔率下降；PE(TTM)94.4倍，增速能部分消化估值；毛利率69.8%，盈利壁垒强；ROE 5.4%；营收同比19.5%；利润同比61.3% | 月涨幅分位90%；换手率6.59%；成交额200.7亿；价在MA20上方
300666,江丰电子,芯片智造,靶材,高纯靶材龙头、产能领先,17.64,287.23,无,67.0,75.4,67.0,435.88,基本面67.0 | 短线75.4 | 中期95.5 | 龙头、产能领先；总市值979亿，体量适中；PE(TTM)116.7倍；毛利率32.9%，盈利能力良好；ROE 4.1%偏低；营收同比30.5%；利润同比33.4% | 月涨幅分位37%；换手率12.32%；成交额95.0亿；价在MA20上方
300502,新易盛,光模块,高速光模块、LPO模块、硅光模块,全球第二、北美核心、LPO标杆、高毛利,29.36,84.33,无,44.0,62.0,44.0,622.94,基本面44.0 | 短线62.0 | 中期81.8 | 高速光模块、硅光模块、高毛利、核心；总市值7891亿，体量偏大导致赔率下降；PE(TTM)71.0倍；财务摘要接口超时，毛利率/ROE/营收同比/利润同比待下次复核 | 月涨幅分位56%；换手率4.93%；成交额352.8亿；价在MA20上方 | 2026-06-28 18:08 CST 财务摘要接口超时，基本面字段待下次复核
300346,南大光电,芯片智造,光刻胶,ArF龙头、产能领先,5.48,83.29,无,71.0,71.7,71.0,94.51,基本面71.0 | 短线71.7 | 中期81.9 | 光刻胶、龙头、产能领先；总市值540亿，处于进可攻退可守区间；PE(TTM)108.7倍；毛利率41.9%，盈利能力优秀；ROE 3.5%偏低；营收同比5.5%；利润同比30.0% | 月涨幅分位15%；换手率16.94%；成交额87.6亿；价在MA20上方
688012,中微公司,芯片智造,刻蚀设备、韬定律,行业龙头、技术标杆、产能领先,40.72,125.93,无,68.0,71.3,68.0,516.97,基本面68.0 | 短线71.3 | 中期88.4 | 刻蚀设备、行业龙头、龙头、技术标杆、产能领先；总市值3935亿，体量偏大导致赔率下降；PE(TTM)105.7倍，增速能部分消化估值；毛利率39.9%，盈利能力良好；ROE 4.0%偏低；营收同比34.1%；利润同比197.2% | 月涨幅分位69%；换手率3.39%；成交额131.5亿；价在MA20上方
688120,华海清科,芯片智造,CMP设备、韬定律,行业龙头、产能领先,53.73,146.36,无,66.0,68.5,66.0,285.89,基本面66.0 | 短线68.5 | 中期90.4 | CMP设备、行业龙头、龙头、产能领先；总市值1304亿，体量适中；PE(TTM)131.8倍；毛利率42.3%，盈利能力优秀；ROE 3.3%偏低；营收同比31.7%；利润同比5.9% | 月涨幅分位83%；换手率2.75%；成交额34.9亿；价在MA20上方
300236,上海新阳,芯片智造,光刻胶,g线核心、国产替代,13.81,84.51,无,76.0,63.0,76.0,146.03,基本面76.0 | 短线63.0 | 中期80.1 | 光刻胶、国产替代、核心；总市值366亿，处于进可攻退可守区间；PE(TTM)88.2倍，增速能部分消化估值；毛利率42.2%，盈利能力优秀；ROE 1.9%偏低；营收同比33.0%；利润同比102.6% | 月涨幅分位31%；换手率7.38%；成交额24.0亿；价在MA20上方
002384,东山精密,光模块,高速光模块、CPO光引擎、PCB,体量最大、光芯片布局、CPO配套、产能领先,18.88,207.53,无,62.0,61.7,62.0,319.82,基本面62.0 | 短线61.7 | 中期94.5 | CPO光引擎、高速光模块、PCB、产能领先；总市值4768亿，体量偏大导致赔率下降；PE(TTM)107.4倍，增速能部分消化估值；毛利率19.3%，利润垫偏薄；ROE 5.0%；营收同比52.7%；利润同比143.5% | 月涨幅分位38%；换手率4.98%；成交额181.8亿；价在MA20上方
002916,深南电路,芯片智造,PCB、ABF载板,封装基板龙头、国内PCB龙头、产能领先,31.42,88.57,无,64.0,53.6,64.0,521.24,基本面64.0 | 短线53.6 | 中期84.0 | ABF载板、PCB、龙头、产能领先；总市值2953亿，体量偏大导致赔率下降；PE(TTM)86.8倍，增速能部分消化估值；毛利率29.2%，处于一般水平；ROE 4.8%偏低；营收同比37.9%；利润同比73.0% | 月涨幅分位59%；换手率1.68%；成交额48.7亿；价在MA20上方
002409,雅克科技,芯片智造,湿电子化学品,行业龙头、产能领先,32.9,155.59,无,61.0,76.8,61.0,219.55,基本面61.0 | 短线76.8 | 中期92.7 | 行业龙头、龙头、产能领先；总市值898亿，体量适中；PE(TTM)84.1倍；毛利率31.2%，盈利能力良好；ROE 3.3%偏低；营收同比-6.9%；利润同比2.5% | 月涨幅分位62%；换手率11.18%；成交额66.8亿；价在MA20上方
688372,伟测科技,芯片智造,传统封测,测试服务核心、技术领先,16.15,54.69,无,70.0,62.7,70.0,204.88,基本面70.0 | 短线62.7 | 中期75.6 | 技术领先、核心；总市值282亿，处于进可攻退可守区间；PE(TTM)99.6倍，增速能部分消化估值；毛利率35.0%，盈利能力良好；ROE 2.4%偏低；营收同比71.8%；利润同比173.4% | 月涨幅分位33%；换手率7.81%；成交额22.9亿；价在MA20上方
688146,中船特气,芯片智造,电子特气,行业核心、国产替代,112.1,859.2,无,52.0,87.8,52.0,417.72,基本面52.0 | 短线87.8 | 中期99.8 | 电子特气、国产替代、核心；总市值2041亿，弹性或空间略受限；PE(TTM)503.9倍；毛利率30.2%，盈利能力良好；ROE 1.7%偏低；营收同比36.0%；利润同比16.9% | 月涨幅分位97%；换手率12.60%；成交额72.8亿；价在MA20上方
600584,长电科技,芯片智造,传统封测、韬定律、先进封装,封测龙头、产能领先、技术标杆,91.94,175.05,无,48.0,95.4,48.0,111.98,基本面48.0 | 短线95.4 | 中期94.4 | 先进封装、龙头、技术标杆、产能领先；总市值1805亿，弹性或空间略受限；PE(TTM)155.5倍；毛利率14.5%，利润垫偏薄；ROE 1.0%偏低；营收同比-1.8%；利润同比42.7% | 月涨幅分位96%；换手率18.77%；成交额352.3亿；价在MA20上方
600487,亨通光电,光模块,光纤光缆,光纤龙头、光棒自主、全产业链、产能领先,-1.22,348.08,无,64.0,53.8,64.0,139.01,基本面64.0 | 短线53.8 | 中期89.9 | 光纤光缆、龙头、产能领先、全产业链；总市值2733亿，体量偏大导致赔率下降；PE(TTM)61.8倍，增速能部分消化估值；毛利率16.0%，利润垫偏薄；ROE 3.4%偏低；营收同比34.1%；利润同比98.5% | 月涨幅分位7%；换手率8.13%；成交额227.2亿；价在MA20上方
300373,扬杰科技,芯片智造,功率半导体,行业核心、国产替代、技术领先,33.63,101.13,无,79.0,72.1,79.0,179.89,基本面79.0 | 短线72.1 | 中期85.2 | 技术领先、国产替代、核心；总市值738亿，处于进可攻退可守区间；PE(TTM)47.9倍，增速能部分消化估值；毛利率36.8%，盈利能力良好；ROE 4.0%偏低；营收同比34.9%；利润同比41.0% | 月涨幅分位63%；换手率6.16%；成交额45.6亿；价在MA20上方
688268,华特气体,芯片智造,电子特气,行业龙头、产能领先,-9.89,304.23,无,56.0,55.9,56.0,221.79,基本面56.0 | 短线55.9 | 中期93.1 | 电子特气、行业龙头、龙头、产能领先；总市值296亿，处于进可攻退可守区间；PE(TTM)218.6倍；毛利率30.2%，盈利能力良好；ROE 1.7%偏低；营收同比13.7%；利润同比-23.7% | 月涨幅分位3%；换手率8.13%；成交额25.3亿；价在MA20上方
600522,中天科技,芯片智造,铜箔,PET复合铜箔龙头、宁德时代绑定,17.59,238.25,无,59.0,73.1,59.0,75.03,基本面59.0 | 短线73.1 | 中期89.0 | 铜箔、龙头；总市值2092亿，弹性或空间略受限；PE(TTM)56.9倍，增速能部分消化估值；毛利率15.6%，利润垫偏薄；ROE 2.4%偏低；营收同比34.7%；利润同比46.4% | 月涨幅分位36%；换手率11.59%；成交额249.0亿；价在MA20上方
300620,光库科技,光模块,高速光芯片,全产业链、DFB量产、技术储备、高弹性,9.33,146.8,无,65.0,45.7,65.0,401.95,基本面65.0 | 短线45.7 | 中期81.5 | 高速光芯片、全产业链；总市值903亿，体量适中；PE(TTM)504.7倍，增速能部分消化估值；毛利率36.6%，盈利能力良好；ROE 2.0%偏低；营收同比60.8%；利润同比312.5% | 月涨幅分位21%；换手率5.78%；成交额53.3亿；价在MA20上方
688037,芯源微,芯片智造,光刻设备、韬定律、键合,行业龙头、产能领先,44.76,138.97,无,61.0,69.4,61.0,350.29,基本面61.0 | 短线69.4 | 中期89.7 | 光刻设备、行业龙头、龙头、产能领先；总市值716亿，处于进可攻退可守区间；PE(TTM)5098.3倍；毛利率46.7%，盈利能力优秀；ROE 0.1%偏低；营收同比20.1%；利润同比-24.7% | 月涨幅分位71%；换手率5.31%；成交额37.3亿；价在MA20上方
688256,寒武纪,芯片智造,AI算力芯片,训练芯片核心、技术标杆,47.74,60.44,无,69.0,69.3,69.0,1702.14,基本面69.0 | 短线69.3 | 中期86.0 | AI算力芯片、技术标杆、核心；总市值9161亿，体量偏大导致赔率下降；PE(TTM)226.0倍，增速能部分消化估值；毛利率54.3%，盈利壁垒强；ROE 8.2%；营收同比159.6%；利润同比185.0% | 月涨幅分位77%；换手率1.98%；成交额182.4亿；价在MA20上方
688048,长光华芯,光模块,高速光芯片,激光芯片龙头、技术研发、机构重仓、储备充足,-6.58,215.92,无,67.0,58.2,67.0,449.14,基本面67.0 | 短线58.2 | 中期81.2 | 高速光芯片、龙头、机构重仓；总市值698亿，处于进可攻退可守区间；PE(TTM)3895.8倍；毛利率30.1%，盈利能力良好；ROE 0.1%偏低；营收同比37.8%；利润同比159.7% | 月涨幅分位4%；换手率7.53%；成交额54.9亿；价在MA20上方
002185,华天科技,芯片智造,传统封测、韬定律,封测核心、技术领先、国产替代,61.85,106.03,无,58.0,90.6,58.0,26.14,基本面58.0 | 短线90.6 | 中期85.0 | 技术领先、国产替代、核心；总市值750亿，处于进可攻退可守区间；PE(TTM)216.0倍，增速能部分消化估值；毛利率11.3%，利润垫偏薄；ROE 0.5%偏低；营收同比34.5%；利润同比568.4% | 月涨幅分位89%；换手率19.84%；成交额151.0亿；价在MA20上方
688107,安路科技,芯片智造,车规芯片、DSP芯片,车规FPGA核心、国产DSP核心,53.09,58.06,无,63.0,48.9,63.0,53.83,基本面63.0 | 短线48.9 | 中期74.6 | 车规芯片、核心；总市值172亿，处于进可攻退可守区间；PE不可用或为负，估值可信度较低；毛利率41.3%，盈利能力优秀；ROE -4.4%偏低；营收同比77.5%；利润同比32.4% | 月涨幅分位82%；换手率2.58%；成交额4.5亿；价在MA20上方
300394,天孚通信,光模块,CPO光引擎,CPO龙头、封装核心、绑定头部、高毛利,32.34,120.04,无,67.0,45.1,67.0,331.28,基本面67.0 | 短线45.1 | 中期64.8 | CPO光引擎、龙头、高毛利、核心；总市值3469亿，体量偏大导致赔率下降；PE(TTM)176.2倍；毛利率56.6%，盈利壁垒强；ROE 8.6%；营收同比40.8%；利润同比45.8% | 月涨幅分位61%；换手率4.43%；成交额156.6亿；价在MA20下方
600183,生益科技,芯片智造,铜箔,ABF铜箔、覆铜板龙头、配套深南/兴森,81.41,152.8,无,60.0,68.8,60.0,220.48,基本面60.0 | 短线68.8 | 中期96.0 | 铜箔、龙头；总市值4336亿，体量偏大导致赔率下降；PE(TTM)93.6倍，增速能部分消化估值；毛利率28.1%，处于一般水平；ROE 6.7%；营收同比45.1%；利润同比105.5% | 月涨幅分位95%；换手率2.99%；成交额127.0亿；价在MA20上方
603893,瑞芯微,芯片智造,车规芯片,车规SoC核心、技术领先,13.02,2.26,无,81.0,45.9,81.0,222.14,基本面81.0 | 短线45.9 | 中期49.1 | 车规芯片、技术领先、核心；总市值770亿，处于进可攻退可守区间；PE(TTM)58.5倍，增速能部分消化估值；毛利率43.0%，盈利能力优秀；ROE 7.2%；营收同比36.2%；利润同比57.1% | 月涨幅分位31%；换手率3.12%；成交额24.1亿；价在MA20上方
002156,通富微电,芯片智造,传统封测、韬定律,封测核心、产能领先、国产替代,47.69,90.32,无,61.0,77.1,61.0,87.42,基本面61.0 | 短线77.1 | 中期80.9 | 产能领先、国产替代、核心；总市值1087亿，体量适中；PE(TTM)82.5倍，增速能部分消化估值；毛利率13.3%，利润垫偏薄；ROE 2.1%偏低；营收同比22.8%；利润同比224.5% | 月涨幅分位77%；换手率12.97%；成交额146.2亿；价在MA20上方
002222,福晶科技,芯片智造,光刻设备,晶体龙头、产能领先,12.32,60.06,无,71.0,25.2,71.0,89.38,基本面71.0 | 短线25.2 | 中期47.4 | 光刻设备、龙头、产能领先；总市值424亿，处于进可攻退可守区间；PE(TTM)162.5倍；毛利率44.9%，盈利能力优秀；ROE 3.6%偏低；营收同比35.6%；利润同比30.7% | 月涨幅分位29%；换手率7.27%；成交额31.6亿；价在MA20下方
002436,兴森科技,芯片智造,ABF载板、PCB,ABF载板龙头、封装基板核心、产能领先,29.79,145.08,无,54.0,74.8,54.0,58.97,基本面54.0 | 短线74.8 | 中期93.5 | ABF载板、PCB、龙头、产能领先、核心；总市值881亿，体量适中；PE(TTM)1174.5倍；毛利率19.2%，利润垫偏薄；ROE 0.3%偏低；营收同比15.1%；利润同比100.0% | 月涨幅分位57%；换手率9.36%；成交额74.2亿；价在MA20上方
688018,乐鑫科技,芯片智造,车规芯片,核心供应商、国产替代,4.32,-2.54,无,78.0,16.6,78.0,130.83,基本面78.0 | 短线16.6 | 中期40.4 | 车规芯片、国产替代、核心供应商、核心；总市值277亿，处于进可攻退可守区间；PE(TTM)51.0倍，增速能部分消化估值；毛利率48.5%，盈利能力优秀；ROE 3.0%偏低；营收同比16.2%；利润同比44.8% | 月涨幅分位14%；换手率3.19%；成交额8.9亿；价在MA20下方
603773,沃格光电,芯片智造,玻璃基板,光电玻璃龙头、技术壁垒高、产能领先、TGV龙头,71.51,403.11,无,51.0,90.1,51.0,214.18,基本面51.0 | 短线90.1 | 中期99.8 | 龙头、技术壁垒高、产能领先；总市值400亿，处于进可攻退可守区间；PE不可用或为负，估值可信度较低；毛利率16.7%，利润垫偏薄；ROE -4.7%偏低；营收同比8.5%；利润同比-112.1% | 月涨幅分位91%；换手率13.94%；成交额55.7亿；价在MA20上方
688409,富创精密,芯片智造,薄膜沉积,零部件核心、技术领先,53.02,307.72,无,62.0,70.8,62.0,321.46,基本面62.0 | 短线70.8 | 中期98.3 | 薄膜沉积、技术领先、核心；总市值841亿，体量适中；PE(TTM)363.1倍，增速能部分消化估值；毛利率27.1%，处于一般水平；ROE 1.3%偏低；营收同比36.8%；利润同比361.5% | 月涨幅分位82%；换手率3.90%；成交额30.1亿；价在MA20上方
300458,全志科技,芯片智造,车规芯片,核心供应商、国产替代,8.72,14.43,无,88.0,62.8,88.0,53.64,基本面88.0 | 短线62.8 | 中期66.3 | 车规芯片、国产替代、核心供应商、核心；总市值396亿，处于进可攻退可守区间；PE(TTM)48.8倍，增速能部分消化估值；毛利率40.2%，盈利能力优秀；ROE 6.3%；营收同比47.1%；利润同比121.8% | 月涨幅分位21%；换手率10.69%；成交额34.2亿；价在MA20上方
002371,北方华创,芯片智造,刻蚀设备、韬定律、键合,行业核心、产能领先、国产替代,38.52,77.17,无,62.0,65.4,62.0,920.17,基本面62.0 | 短线65.4 | 中期83.1 | 刻蚀设备、产能领先、国产替代、核心；总市值5903亿，体量偏大导致赔率下降；PE(TTM)90.3倍；毛利率40.8%，盈利能力优秀；ROE 4.2%偏低；营收同比25.8%；利润同比3.4% | 月涨幅分位66%；换手率1.71%；成交额100.1亿；价在MA20上方
603005,晶方科技,芯片智造,传统封测,封测核心、技术突破、国产替代,37.46,89.94,无,61.0,81.9,61.0,56.37,基本面61.0 | 短线81.9 | 中期85.6 | 技术突破、国产替代、核心；总市值341亿，处于进可攻退可守区间；PE(TTM)130.3倍；毛利率47.4%，盈利能力优秀；ROE 1.4%偏低；营收同比14.9%；利润同比0.1% | 月涨幅分位65%；换手率18.91%；成交额63.5亿；价在MA20上方
688521,芯原股份,芯片智造,AI算力芯片,AI芯片IP核心、国产替代,10.38,145.31,无,56.0,63.1,56.0,385.68,基本面56.0 | 短线63.1 | 中期83.6 | AI算力芯片、国产替代、核心；总市值1767亿，弹性或空间略受限；PE不可用或为负，估值可信度较低；毛利率32.3%，盈利能力良好；ROE -10.4%偏低；营收同比114.5%；利润同比-54.7% | 月涨幅分位23%；换手率5.08%；成交额89.1亿；价在MA20上方
300567,精测电子,芯片智造,刻蚀设备,检测核心、技术领先,58.93,202.2,无,61.0,76.1,61.0,297.78,基本面61.0 | 短线76.1 | 中期92.6 | 刻蚀设备、技术领先、核心；总市值769亿，处于进可攻退可守区间；PE(TTM)450.3倍；毛利率45.4%，盈利能力优秀；ROE 1.0%偏低；营收同比7.3%；利润同比13.6% | 月涨幅分位88%；换手率6.31%；成交额39.4亿；价在MA20上方
688802,沐曦股份,芯片智造,AI算力芯片,算力芯片核心、技术突破,-3.2,25.91,无,66.0,34.1,66.0,926.84,基本面66.0 | 短线34.1 | 中期68.4 | AI算力芯片、技术突破、核心；总市值2922亿，体量偏大导致赔率下降；PE不可用或为负，估值可信度较低；毛利率60.1%，盈利壁垒强；ROE -0.8%偏低；营收同比75.4%；利润同比57.5% | 月涨幅分位6%；换手率8.77%；成交额12.1亿；价在MA20上方
603650,彤程新材,芯片智造,光刻胶,KrF核心、技术领先,0.85,96.68,无,64.0,54.8,64.0,99.68,基本面64.0 | 短线54.8 | 中期82.6 | 光刻胶、技术领先、核心；总市值529亿，处于进可攻退可守区间；PE(TTM)72.5倍；毛利率22.2%，处于一般水平；ROE 4.3%偏低；营收同比22.5%；利润同比13.8% | 月涨幅分位10%；换手率5.84%；成交额30.5亿；价在MA20上方
688234,天岳先进,芯片智造,碳化硅基板,碳化硅衬底龙头、技术壁垒高、产能领先、核心供应商,58.21,89.73,无,46.0,74.9,46.0,192.09,基本面46.0 | 短线74.9 | 中期87.9 | 碳化硅基板、龙头、技术壁垒高、产能领先、核心供应商、核心；总市值817亿，体量适中；PE不可用或为负，估值可信度较低；毛利率19.1%，利润垫偏薄；ROE -0.8%偏低；营收同比-10.4%；利润同比-810.4% | 月涨幅分位88%；换手率5.27%；成交额38.9亿；价在MA20上方
603290,斯达半导,芯片智造,功率半导体,IGBT龙头、产能领先、国产替代,24.2,40.05,无,50.0,50.3,50.0,118.61,基本面50.0 | 短线50.3 | 中期72.8 | 龙头、产能领先、国产替代；总市值321亿，处于进可攻退可守区间；PE(TTM)301.0倍；毛利率21.1%，处于一般水平；ROE 0.4%偏低；营收同比-6.0%；利润同比-74.3% | 月涨幅分位47%；换手率4.81%；成交额15.8亿；价在MA20上方
688502,茂莱光学,芯片智造,光刻设备,光学核心、技术壁垒高,1.53,50.93,无,64.0,51.2,64.0,696.62,基本面64.0 | 短线51.2 | 中期83.3 | 光刻设备、技术壁垒高、核心；总市值318亿，处于进可攻退可守区间；PE不可用或为负，估值可信度较低；毛利率40.4%，盈利能力优秀；ROE -0.9%偏低；营收同比28.6%；利润同比-166.8% | 月涨幅分位11%；换手率5.60%；成交额17.6亿；价在MA20上方
688143,长盈通,光模块,光纤光缆,光纤光缆核心、军工配套、技术领先、国产替代,114.19,328.2,无,57.0,69.8,57.0,211.34,基本面57.0 | 短线69.8 | 中期94.4 | 光纤光缆、技术领先、国产替代、核心；总市值277亿，处于进可攻退可守区间；PE(TTM)1173.5倍；毛利率46.3%，盈利能力优秀；ROE 0.4%偏低；营收同比29.5%；利润同比-28.7% | 月涨幅分位98%；换手率6.06%；成交额16.4亿；价在MA20上方
605111,新洁能,芯片智造,功率半导体,行业核心、MOSFET龙头、国产替代,77.11,133.91,无,60.0,74.8,60.0,89.33,基本面60.0 | 短线74.8 | 中期91.2 | 龙头、国产替代、核心；总市值345亿，处于进可攻退可守区间；PE(TTM)91.3倍；毛利率28.7%，处于一般水平；ROE 2.2%偏低；营收同比15.1%；利润同比-12.7% | 月涨幅分位94%；换手率7.76%；成交额27.0亿；价在MA20上方
603078,江化微,芯片智造,湿电子化学品,行业核心、国产替代,35.01,169.53,无,53.0,76.5,53.0,50.47,基本面53.0 | 短线76.5 | 中期91.2 | 国产替代、核心；总市值185亿，处于进可攻退可守区间；PE(TTM)160.7倍；毛利率27.1%，处于一般水平；ROE 1.4%偏低；营收同比16.9%；利润同比7.3% | 月涨幅分位64%；换手率12.34%；成交额22.2亿；价在MA20上方
002938,鹏鼎控股,芯片智造,PCB,参股礼鼎、全球PCB龙头、HBM载板核心,47.94,123.84,无,43.0,60.0,43.0,100.87,基本面43.0 | 短线60.0 | 中期89.2 | PCB、龙头、核心；总市值2572亿，体量偏大导致赔率下降；PE(TTM)139.0倍；毛利率22.9%，处于一般水平；ROE 1.4%偏低；营收同比-1.2%；利润同比-5.2% | 月涨幅分位79%；换手率2.11%；成交额54.9亿；价在MA20上方
688396,华润微,芯片智造,功率半导体,行业核心、产能领先、技术领先,20.56,60.42,无,65.0,61.7,65.0,102.97,基本面65.0 | 短线61.7 | 中期82.7 | 产能领先、技术领先、核心；总市值1125亿，体量适中；PE(TTM)85.2倍，增速能部分消化估值；毛利率25.5%，处于一般水平；ROE 1.4%偏低；营收同比21.3%；利润同比296.6% | 月涨幅分位41%；换手率3.38%；成交额38.4亿；价在MA20上方
002463,沪电股份,芯片智造,PCB、ABF载板,高速PCB龙头、ABF领先、产能规模大、客户优质,25.89,102.95,无,74.0,67.1,74.0,191.09,基本面74.0 | 短线67.1 | 中期83.9 | ABF载板、PCB、龙头、客户优质；总市值2834亿，体量偏大导致赔率下降；PE(TTM)57.0倍，增速能部分消化估值；毛利率35.6%，盈利能力良好；ROE 7.8%；营收同比53.9%；利润同比62.9% | 月涨幅分位51%；换手率4.27%；成交额122.0亿；价在MA20上方
300331,苏大维格,芯片智造,光刻设备,掩膜核心、国产替代,4.18,110.82,无,63.0,27.8,63.0,73.32,基本面63.0 | 短线27.8 | 中期81.3 | 光刻设备、国产替代、核心；总市值177亿，处于进可攻退可守区间；PE(TTM)147.5倍；毛利率27.1%，处于一般水平；ROE 2.0%偏低；营收同比15.0%；利润同比73.2% | 月涨幅分位13%；换手率6.46%；成交额10.0亿；价在MA20上方
300263,隆华科技,芯片智造,靶材,核心供应商、国产替代,23.94,77.79,无,65.0,41.3,65.0,18.42,基本面65.0 | 短线41.3 | 中期80.3 | 国产替代、核心供应商、核心；总市值162亿，处于进可攻退可守区间；PE(TTM)62.6倍，增速能部分消化估值；毛利率18.5%，利润垫偏薄；ROE 1.6%偏低；营收同比29.7%；利润同比43.4% | 月涨幅分位46%；换手率12.98%；成交额20.3亿；价在MA20上方
301511,德福科技,芯片智造,铜箔,HVLP5送样、AI服务器第一供应商、产能全球最大,74.92,335.14,无,46.0,76.3,46.0,173.07,基本面46.0 | 短线76.3 | 中期94.5 | 铜箔；总市值979亿，体量适中；PE(TTM)166.2倍，增速能部分消化估值；毛利率9.1%，竞争压力较大；ROE 3.5%偏低；营收同比73.5%；利润同比708.9% | 月涨幅分位94%；换手率10.44%；成交额58.8亿；价在MA20上方
605358,立昂微,芯片智造,大硅片,8英寸核心、国产替代,47.56,116.46,无,50.0,86.2,50.0,85.51,基本面50.0 | 短线86.2 | 中期90.1 | 国产替代、核心；总市值582亿，处于进可攻退可守区间；PE(TTM)2014.0倍；毛利率15.6%，利润垫偏薄；ROE 0.1%偏低；营收同比21.8%；利润同比108.9% | 月涨幅分位75%；换手率17.22%；成交额97.9亿；价在MA20上方
688082,盛美上海,芯片智造,薄膜沉积、韬定律,电镀核心、国产替代,52.55,135.16,无,52.0,66.9,52.0,398.5,基本面52.0 | 短线66.9 | 中期95.1 | 薄膜沉积、国产替代、核心；总市值1998亿，弹性或空间略受限；PE(TTM)478.9倍；毛利率45.6%，盈利能力优秀；ROE 0.8%偏低；营收同比13.1%；利润同比-57.7% | 月涨幅分位81%；换手率1.85%；成交额36.1亿；价在MA20上方
688041,海光信息,芯片智造,AI算力芯片,行业龙头、产能领先、国产替代,11.15,53.86,无,62.0,61.5,62.0,371.06,基本面62.0 | 短线61.5 | 中期78.3 | AI算力芯片、行业龙头、龙头、产能领先、国产替代；总市值8017亿，体量偏大导致赔率下降；PE(TTM)291.7倍；毛利率55.6%，盈利壁垒强；ROE 3.0%偏低；营收同比68.1%；利润同比35.8% | 月涨幅分位26%；换手率1.71%；成交额138.2亿；价在MA20上方
688135,利扬芯片,芯片智造,传统封测、韬定律,测试服务核心、国产替代,6.14,40.49,无,51.0,39.4,51.0,40.41,基本面51.0 | 短线39.4 | 中期74.3 | 国产替代、核心；总市值91亿，体量适中；PE(TTM)664.8倍；毛利率27.4%，处于一般水平；ROE 0.3%偏低；营收同比27.9%；利润同比145.1% | 月涨幅分位17%；换手率6.01%；成交额5.5亿；价在MA20上方
688795,摩尔线程,芯片智造,AI算力芯片,算力芯片核心、国产GPU龙头,5.56,14.44,无,64.0,48.6,64.0,711.32,基本面64.0 | 短线48.6 | 中期55.2 | AI算力芯片、龙头、核心；总市值3162亿，体量偏大导致赔率下降；PE(TTM)2692.7倍；毛利率67.4%，盈利壁垒强；ROE 0.3%偏低；营收同比155.3%；利润同比126.1% | 月涨幅分位16%；换手率8.27%；成交额17.0亿；价在MA20上方
688361,中科飞测,芯片智造,刻蚀设备、韬定律,检测核心、技术突破,40.01,132.04,无,62.0,64.5,62.0,420.87,基本面62.0 | 短线64.5 | 中期90.9 | 刻蚀设备、技术突破、核心；总市值1243亿，体量适中；PE不可用或为负，估值可信度较低；毛利率47.8%，盈利能力优秀；ROE -1.3%偏低；营收同比34.6%；利润同比-354.3% | 月涨幅分位69%；换手率2.72%；成交额33.6亿；价在MA20上方
300706,阿石创,芯片智造,靶材,核心供应商、国产替代,25.48,127.44,无,61.0,68.0,61.0,88.49,基本面61.0 | 短线68.0 | 中期90.6 | 国产替代、核心供应商、核心；总市值118亿，处于进可攻退可守区间；PE(TTM)169.0倍，增速能部分消化估值；毛利率12.5%，利润垫偏薄；ROE 2.6%偏低；营收同比41.6%；利润同比572.4% | 月涨幅分位49%；换手率26.80%；成交额23.9亿；价在MA20上方
688362,甬矽电子,芯片智造,传统封测,封测核心、国产替代、技术领先,47.28,133.01,无,49.0,74.8,49.0,77.81,基本面49.0 | 短线74.8 | 中期88.3 | 技术领先、国产替代、核心；总市值342亿，处于进可攻退可守区间；PE(TTM)321.4倍；毛利率17.5%，利润垫偏薄；ROE 1.0%偏低；营收同比24.0%；利润同比8.2% | 月涨幅分位74%；换手率7.76%；成交额27.3亿；价在MA20上方
603297,永新光学,芯片智造,光刻设备,镜头核心、配套龙头,21.23,31.95,无,65.0,53.4,65.0,141.07,基本面65.0 | 短线53.4 | 中期73.2 | 光刻设备、龙头、核心；总市值153亿，处于进可攻退可守区间；PE(TTM)82.8倍；毛利率36.8%，盈利能力良好；ROE 2.2%偏低；营收同比20.1%；利润同比-17.1% | 月涨幅分位43%；换手率3.58%；成交额5.4亿；价在MA20上方
688147,微导纳米,芯片智造,薄膜沉积、韬定律、键合,ALD核心、技术领先,25.12,103.55,无,53.0,54.5,53.0,118.46,基本面53.0 | 短线54.5 | 中期84.8 | 薄膜沉积、技术领先、核心；总市值594亿，处于进可攻退可守区间；PE(TTM)706.1倍；毛利率32.8%，盈利能力良好；ROE 0.7%偏低；营收同比-5.5%；利润同比-75.0% | 月涨幅分位47%；换手率2.55%；成交额15.1亿；价在MA20上方
601869,长飞光纤,光模块,光纤光缆,全球光纤龙头、技术标杆、海外拓展、产能领先,-0.56,366.66,无,62.0,56.9,62.0,614.97,基本面62.0 | 短线56.9 | 中期90.1 | 光纤光缆、龙头、技术标杆、产能领先、海外拓展；总市值4496亿，体量偏大导致赔率下降；PE(TTM)227.0倍，增速能部分消化估值；毛利率41.5%，盈利能力优秀；ROE 3.5%偏低；营收同比27.7%；利润同比226.4% | 月涨幅分位8%；换手率3.84%；成交额86.0亿；价在MA20上方
600460,士兰微,芯片智造,功率半导体,行业核心、IDM龙头、国产替代,27.89,77.33,无,58.0,72.7,58.0,59.03,基本面58.0 | 短线72.7 | 中期84.8 | 龙头、国产替代、核心；总市值838亿，体量适中；PE(TTM)100.4倍；毛利率19.8%，利润垫偏薄；ROE 1.7%偏低；营收同比17.3%；利润同比40.6% | 月涨幅分位53%；换手率11.17%；成交额95.4亿；价在MA20上方
688347,华虹公司,芯片智造,先进制程、韬定律,晶圆代工核心、产能领先、国产替代,55.34,199.43,无,51.0,76.5,51.0,366.94,基本面51.0 | 短线76.5 | 中期96.4 | 先进制程、产能领先、国产替代、核心；总市值5613亿，体量偏大导致赔率下降；PE(TTM)1005.4倍，增速能部分消化估值；毛利率17.6%，利润垫偏薄；ROE 0.3%偏低；营收同比18.2%；利润同比513.1% | 月涨幅分位84%；换手率5.46%；成交额72.0亿；价在MA20上方
688138,清溢光电,芯片智造,光刻设备,配套核心、技术领先,12.23,51.59,无,69.0,56.2,69.0,50.0,基本面69.0 | 短线56.2 | 中期79.6 | 光刻设备、技术领先、核心；总市值134亿，处于进可攻退可守区间；PE(TTM)60.1倍；毛利率31.3%，盈利能力良好；ROE 2.0%偏低；营收同比10.7%；利润同比7.6% | 月涨幅分位29%；换手率6.68%；成交额8.8亿；价在MA20上方
688432,有研硅,芯片智造,大硅片,核心供应商、技术领先,26.39,150.0,无,57.0,65.1,57.0,30.0,基本面57.0 | 短线65.1 | 中期91.9 | 技术领先、核心供应商、核心；总市值386亿，处于进可攻退可守区间；PE(TTM)192.5倍；毛利率31.6%，盈利能力良好；ROE 1.1%偏低；营收同比18.0%；利润同比-1.2% | 月涨幅分位51%；换手率5.91%；成交额21.0亿；价在MA20上方
600498,烽火通信,光模块,高速光模块、光纤光缆,央企龙头、电信核心、全产业链、技术储备,-3.85,137.59,无,49.0,52.4,49.0,68.71,基本面49.0 | 短线52.4 | 中期80.7 | 高速光模块、光纤光缆、龙头、全产业链、核心；总市值1035亿，体量适中；PE(TTM)674.1倍；毛利率26.4%，处于一般水平；ROE 0.2%偏低；营收同比11.4%；利润同比-30.4% | 月涨幅分位5%；换手率9.27%；成交额92.1亿；价在MA20上方
300260,新莱应材,芯片智造,CMP设备,零部件核心、国产替代,16.83,63.3,无,56.0,71.1,56.0,96.64,基本面56.0 | 短线71.1 | 中期83.8 | CMP设备、国产替代、核心；总市值379亿，处于进可攻退可守区间；PE(TTM)179.2倍；毛利率22.2%，处于一般水平；ROE 2.4%偏低；营收同比14.1%；利润同比3.6% | 月涨幅分位35%；换手率17.68%；成交额48.2亿；价在MA20上方
300576,容大感光,芯片智造,光刻胶,核心供应商、技术领先,21.55,46.26,无,58.0,59.8,58.0,48.0,基本面58.0 | 短线59.8 | 中期77.8 | 光刻胶、技术领先、核心供应商、核心；总市值207亿，处于进可攻退可守区间；PE(TTM)192.3倍；毛利率35.5%，盈利能力良好；ROE 1.6%偏低；营收同比12.1%；利润同比-22.4% | 月涨幅分位44%；换手率14.71%；成交额19.6亿；价在MA20上方
688126,沪硅产业,芯片智造,大硅片,12英寸龙头、产能领先,34.95,61.09,无,46.0,77.2,46.0,39.61,基本面46.0 | 短线77.2 | 中期84.8 | 龙头、产能领先；总市值1152亿，体量适中；PE不可用或为负，估值可信度较低；毛利率-11.8%，竞争压力较大；ROE -2.9%偏低；营收同比35.2%；利润同比-131.7% | 月涨幅分位64%；换手率9.35%；成交额92.2亿；价在MA20上方
300537,广信材料,芯片智造,光刻胶,核心供应商、技术突破,22.7,48.97,无,52.0,68.2,52.0,30.23,基本面52.0 | 短线68.2 | 中期77.7 | 光刻胶、技术突破、核心供应商、核心；总市值68亿，体量适中；PE(TTM)225.3倍；毛利率33.4%，盈利能力良好；ROE 0.8%偏低；营收同比7.0%；利润同比-23.2% | 月涨幅分位45%；换手率24.88%；成交额12.2亿；价在MA20上方
688296,和林微纳,光模块,DSP芯片,高速DSP核心、技术研发、高壁垒、高毛利,8.37,-13.06,无,51.0,5.1,51.0,11.22,基本面51.0 | 短线5.1 | 中期9.0 | 高毛利、核心；总市值12亿，弹性高但波动与流动性风险更大；PE不可用或为负，估值可信度较低；毛利率35.2%，盈利能力良好；ROE -2.2%偏低；营收同比17.1%；利润同比11.4% | 月涨幅分位20%；换手率2.04%；成交额0.3亿；价在MA20下方
002617,露笑科技,芯片智造,碳化硅基板,碳化硅核心厂商、量产落地、产能布局、技术储备,32.24,19.26,无,52.0,75.3,52.0,9.97,基本面52.0 | 短线75.3 | 中期63.7 | 碳化硅基板、核心；总市值184亿，处于进可攻退可守区间；PE(TTM)65.0倍；毛利率19.4%，利润垫偏薄；ROE 1.1%偏低；营收同比11.3%；利润同比-27.7% | 月涨幅分位60%；换手率20.17%；成交额36.5亿；价在MA20上方
600641,万业企业,芯片智造,刻蚀设备,行业核心、国产替代,-1.58,116.89,无,57.0,60.2,57.0,47.33,基本面57.0 | 短线60.2 | 中期88.6 | 刻蚀设备、国产替代、核心；总市值362亿，处于进可攻退可守区间；PE不可用或为负，估值可信度较低；毛利率18.5%，利润垫偏薄；ROE -0.2%偏低；营收同比178.2%；利润同比17.5% | 月涨幅分位6%；换手率9.77%；成交额34.6亿；价在MA20上方
600703,三安光电,芯片智造,功率半导体、碳化硅基板、高速光芯片,SiC/GaN龙头、化合物半导体龙头、产能领先,9.93,53.79,无,43.0,70.1,43.0,19.5,基本面43.0 | 短线70.1 | 中期75.9 | 高速光芯片、碳化硅基板、龙头、产能领先；总市值1084亿，体量适中；PE(TTM)401.6倍；毛利率18.5%，利润垫偏薄；ROE 0.2%偏低；营收同比-32.6%；利润同比-68.2% | 月涨幅分位22%；换手率10.89%；成交额120.7亿；价在MA20上方
300548,博创科技,光模块,高速光模块、硅光模块,二线弹性、双轨布局、海外拓展、小而美,-11.2,84.96,无,68.0,42.2,68.0,279.8,基本面68.0 | 短线42.2 | 中期77.0 | 高速光模块、硅光模块、海外拓展；总市值774亿，处于进可攻退可守区间；PE(TTM)148.8倍；毛利率49.2%，盈利能力优秀；ROE 6.4%；营收同比24.5%；利润同比45.0% | 月涨幅分位3%；换手率7.66%；成交额56.8亿；价在MA20上方
688172,燕东微,芯片智造,先进制程,晶圆代工核心、国产替代,56.39,176.43,无,46.0,70.7,46.0,90.74,基本面46.0 | 短线70.7 | 中期88.6 | 先进制程、国产替代、核心；总市值1142亿，体量适中；PE不可用或为负，估值可信度较低；毛利率-2.0%，竞争压力较大；ROE -1.4%偏低；营收同比75.8%；利润同比-23.0% | 月涨幅分位86%；换手率2.37%；成交额22.7亿；价在MA20上方
002741,光华科技,芯片智造,湿电子化学品,行业核心、国产替代,48.64,95.94,无,62.0,40.8,62.0,34.93,基本面62.0 | 短线40.8 | 中期25.5 | 国产替代、核心；总市值182亿，处于进可攻退可守区间；PE(TTM)110.5倍，增速能部分消化估值；毛利率15.1%，利润垫偏薄；ROE 2.1%偏低；营收同比64.9%；利润同比63.2% | 月涨幅分位80%；换手率17.94%；成交额28.9亿 | 2026-06-28 18:08 CST 日线接口超时，目标价沿用上一有效值 34.93 | 2026-06-28 18:08 CST 日线接口超时，均线/目标价未完整刷新
688729,屹唐股份,芯片智造,刻蚀设备,行业核心、技术突破,11.92,47.65,无,56.0,54.2,56.0,32.99,基本面56.0 | 短线54.2 | 中期73.3 | 刻蚀设备、技术突破、核心；总市值1067亿，体量适中；PE(TTM)167.4倍；毛利率40.0%，盈利能力优秀；ROE 1.8%偏低；营收同比-10.6%；利润同比-26.8% | 月涨幅分位28%；换手率13.89%；成交额10.8亿；价在MA20上方
688047,龙芯中科,芯片智造,AI算力芯片,国产CPU龙头、技术自主,-0.16,9.7,无,64.0,35.3,64.0,167.35,基本面64.0 | 短线35.3 | 中期33.9 | AI算力芯片、龙头；总市值581亿，处于进可攻退可守区间；PE不可用或为负，估值可信度较低；毛利率34.9%，盈利能力良好；ROE -4.7%偏低；营收同比8.0%；利润同比24.7% | 月涨幅分位9%；换手率2.74%；成交额16.0亿；价在MA20上方
300655,晶瑞电材,芯片智造,光刻胶,核心供应商、国产替代,7.3,20.72,无,51.0,65.1,51.0,16.71,基本面51.0 | 短线65.1 | 中期67.9 | 光刻胶、国产替代、核心供应商、核心；总市值209亿，处于进可攻退可守区间；PE(TTM)779.9倍；毛利率21.4%，处于一般水平；ROE 0.2%偏低；营收同比13.4%；利润同比-84.6% | 月涨幅分位18%；换手率15.15%；成交额31.5亿；价在MA20上方
688584,上海合晶,芯片智造,大硅片,核心供应商、技术突破,30.42,54.42,无,46.0,66.4,46.0,30.96,基本面46.0 | 短线66.4 | 中期81.6 | 技术突破、核心供应商、核心；总市值227亿，处于进可攻退可守区间；PE(TTM)451.6倍；毛利率28.1%，处于一般水平；ROE 0.3%偏低；营收同比-0.0%；利润同比-34.7% | 月涨幅分位58%；换手率12.29%；成交额14.1亿；价在MA20上方
300476,胜宏科技,芯片智造,PCB,高速PCB核心、产能领先、客户优质,20.19,11.89,无,70.0,28.6,70.0,353.52,基本面70.0 | 短线28.6 | 中期44.2 | PCB、产能领先、客户优质、核心；总市值3140亿，体量偏大导致赔率下降；PE(TTM)60.9倍，增速能部分消化估值；毛利率34.5%，盈利能力良好；ROE 7.6%；营收同比28.0%；利润同比39.9% | 月涨幅分位40%；换手率6.36%；成交额180.2亿；价在MA20下方
600206,有研新材,芯片智造,靶材,高纯靶材核心、技术领先,5.67,200.35,无,49.0,71.8,49.0,65.82,基本面49.0 | 短线71.8 | 中期97.0 | 技术领先、核心；总市值514亿，处于进可攻退可守区间；PE(TTM)145.7倍；毛利率6.4%，竞争压力较大；ROE 2.0%偏低；营收同比60.7%；利润同比31.0% | 月涨幅分位16%；换手率17.05%；成交额83.8亿；价在MA20上方
688249,晶合集成,芯片智造,先进制程,晶圆代工核心、技术突破,45.03,75.08,无,47.0,63.5,47.0,53.57,基本面47.0 | 短线63.5 | 中期86.1 | 先进制程、技术突破、核心；总市值1167亿，体量适中；PE(TTM)575.7倍；毛利率21.3%，处于一般水平；ROE 0.2%偏低；营收同比13.4%；利润同比-62.6% | 月涨幅分位72%；换手率3.04%；成交额35.3亿；价在MA20上方
301217,铜冠铜箔,芯片智造,铜箔,HVLP全谱系、ABF载板核心、英伟达/深南供应链,116.85,396.79,无,45.0,68.0,45.0,186.97,基本面45.0 | 短线68.0 | 中期94.2 | 铜箔、核心；总市值1412亿，体量适中；PE(TTM)331.9倍，增速能部分消化估值；毛利率8.8%，竞争压力较大；ROE 1.9%偏低；营收同比32.0%；利润同比2138.2% | 月涨幅分位99%；换手率6.93%；成交额96.8亿；价在MA20上方
688981,中芯国际,芯片智造,先进制程、韬定律,晶圆代工龙头、产能领先、技术标杆,31.78,21.11,00981,46.0,63.7,46.0,145.42,基本面46.0 | 短线63.7 | 中期75.5 | 先进制程、龙头、技术标杆、产能领先；总市值12735亿，体量偏大导致赔率下降；PE(TTM)233.9倍；毛利率21.5%，处于一般水平；ROE 0.9%偏低；营收同比8.1%；利润同比0.4% | 月涨幅分位60%；换手率5.38%；成交额161.7亿；价在MA20上方
688403,汇成股份,芯片智造,传统封测,封测核心、技术突破、国产替代,25.87,140.66,无,47.0,71.3,47.0,45.1,基本面47.0 | 短线71.3 | 中期93.1 | 技术突破、国产替代、核心；总市值389亿，处于进可攻退可守区间；PE不可用或为负，估值可信度较低；毛利率14.5%，利润垫偏薄；ROE -0.4%偏低；营收同比9.7%；利润同比-131.6% | 月涨幅分位50%；换手率10.02%；成交额39.4亿；价在MA20上方
688783,西安奕材,芯片智造,大硅片,核心供应商、国产替代,46.64,126.3,无,37.0,80.4,37.0,60.64,基本面37.0 | 短线80.4 | 中期92.9 | 国产替代、核心供应商、核心；总市值2175亿，弹性或空间略受限；PE不可用或为负，估值可信度较低；毛利率2.6%，竞争压力较大；ROE -1.3%偏低；营收同比10.6%；利润同比-9.3% | 月涨幅分位73%；换手率23.66%；成交额23.5亿；价在MA20上方
688262,国芯科技,芯片智造,车规芯片,车规MCU核心、技术领先,11.08,32.19,无,54.0,42.8,54.0,42.98,基本面54.0 | 短线42.8 | 中期64.0 | 车规芯片、技术领先、核心；总市值135亿，处于进可攻退可守区间；PE不可用或为负，估值可信度较低；毛利率22.9%，处于一般水平；ROE -2.5%偏低；营收同比79.5%；利润同比-40.0% | 月涨幅分位25%；换手率4.27%；成交额5.8亿；价在MA20上方
688020,方邦股份,芯片智造,先进封装,电磁屏蔽核心、技术领先,28.99,238.31,无,51.0,50.5,51.0,259.63,基本面51.0 | 短线50.5 | 中期92.0 | 先进封装、技术领先、核心；总市值190亿，处于进可攻退可守区间；PE不可用或为负，估值可信度较低；毛利率29.1%，处于一般水平；ROE -1.3%偏低；营收同比-9.9%；利润同比-1305.9% | 月涨幅分位56%；换手率4.62%；成交额8.7亿；价在MA20上方
603690,至纯科技,芯片智造,刻蚀设备,湿法核心、国产替代,7.83,12.85,无,52.0,61.3,52.0,38.87,基本面52.0 | 短线61.3 | 中期65.6 | 刻蚀设备、国产替代、核心；总市值136亿，处于进可攻退可守区间；PE不可用或为负，估值可信度较低；毛利率27.1%，处于一般水平；ROE -2.0%偏低；营收同比-14.7%；利润同比-232.8% | 月涨幅分位19%；换手率21.29%；成交额28.7亿；价在MA20上方
688469,芯联集成,芯片智造,先进制程,晶圆代工核心、国产替代,27.89,49.18,无,49.0,59.9,49.0,12.66,基本面49.0 | 短线59.9 | 中期78.5 | 先进制程、国产替代、核心；总市值837亿，体量适中；PE不可用或为负，估值可信度较低；毛利率5.7%，竞争压力较大；ROE -0.7%偏低；营收同比13.2%；利润同比51.5% | 月涨幅分位53%；换手率5.16%；成交额30.5亿；价在MA20上方
688595,芯海科技,芯片智造,车规芯片,核心供应商、技术领先,-0.47,21.77,无,50.0,36.9,50.0,42.01,基本面50.0 | 短线36.9 | 中期65.8 | 车规芯片、技术领先、核心供应商、核心；总市值58亿，体量适中；PE不可用或为负，估值可信度较低；毛利率29.6%，处于一般水平；ROE -5.3%偏低；营收同比12.1%；利润同比-62.2% | 月涨幅分位8%；换手率6.12%；成交额3.6亿；价在MA20上方
300265,通光线缆,光模块,光纤光缆,光纤核心厂商、光棒布局、双轨覆盖、高弹性,10.66,63.68,无,40.0,28.4,40.0,17.36,基本面40.0 | 短线28.4 | 中期60.0 | 光纤光缆、核心；总市值102亿，处于进可攻退可守区间；PE(TTM)638.0倍；毛利率13.9%，利润垫偏薄；ROE 0.2%偏低；营收同比26.0%；利润同比-28.1% | 月涨幅分位25%；换手率10.40%；成交额10.7亿；价在MA20下方
688691,灿芯股份,芯片智造,先进制程,晶圆代工核心、技术领先,12.34,1.0,无,51.0,46.8,51.0,103.44,基本面51.0 | 短线46.8 | 中期32.8 | 先进制程、技术领先、核心；总市值124亿，处于进可攻退可守区间；PE不可用或为负，估值可信度较低；毛利率16.7%，利润垫偏薄；ROE -2.3%偏低；营收同比23.4%；利润同比-10.5% | 月涨幅分位30%；换手率11.75%；成交额8.9亿；价在MA20上方
600707,彩虹股份,芯片智造,玻璃基板,玻璃基板核心、国产替代、技术突破,47.83,117.45,无,42.0,79.5,42.0,13.15,基本面42.0 | 短线79.5 | 中期92.7 | 技术突破、国产替代、核心；总市值501亿，处于进可攻退可守区间；PE(TTM)2264.3倍；毛利率15.4%，利润垫偏薄；ROE 0.0%偏低；营收同比-7.4%；利润同比-98.3% | 月涨幅分位79%；换手率8.84%；成交额45.3亿；价在MA20上方
300474,景嘉微,芯片智造,AI算力芯片、DSP芯片,推理芯片核心、国产DSP龙头、机构重仓,3.98,-26.3,无,63.0,5.7,63.0,50.01,基本面63.0 | 短线5.7 | 中期12.5 | AI算力芯片、龙头、机构重仓、核心；总市值277亿，处于进可攻退可守区间；PE不可用或为负，估值可信度较低；毛利率61.7%，盈利壁垒强；ROE -0.8%偏低；营收同比-17.9%；利润同比-2.3% | 月涨幅分位12%；换手率3.24%；成交额7.0亿；价在MA20下方
688106,金宏气体,芯片智造,电子特气,行业核心、技术领先,-27.2,78.39,无,47.0,57.6,47.0,30.1,基本面47.0 | 短线57.6 | 中期65.8 | 电子特气、技术领先、核心；总市值185亿，处于进可攻退可守区间；PE(TTM)948.4倍；毛利率28.1%，处于一般水平；ROE 0.1%偏低；营收同比6.5%；利润同比-88.9% | 月涨幅分位1%；换手率9.50%；成交额18.0亿；价在MA20上方
688820,盛合晶微,芯片智造,先进封装、韬定律,Chiplet龙头、产能领先、技术标杆,125.82,866.72,无,50.0,85.4,50.0,198.91,基本面50.0 | 短线85.4 | 中期46.2 | 先进封装、龙头、技术标杆、产能领先；总市值3544亿，体量偏大导致赔率下降；PE(TTM)463.1倍；毛利率29.6%，处于一般水平；ROE 1.3%偏低；营收同比13.1%；利润同比51.5% | 月涨幅分位99%；换手率17.25%；成交额58.5亿；价在MA20上方
002129,TCL中环,芯片智造,大硅片,行业龙头、产能领先、技术突破,15.06,30.57,无,50.0,61.7,50.0,13.08,基本面50.0 | 短线61.7 | 中期65.6 | 行业龙头、龙头、产能领先、技术突破；总市值452亿，处于进可攻退可守区间；PE不可用或为负，估值可信度较低；毛利率-8.6%，竞争压力较大；ROE -7.8%偏低；营收同比7.3%；利润同比13.6% | 月涨幅分位32%；换手率12.85%；成交额57.2亿；价在MA20上方
002815,崇达技术,芯片智造,PCB,高速PCB龙头、海外拓展、客户优质,10.47,30.67,无,53.0,19.1,53.0,14.5,基本面53.0 | 短线19.1 | 中期58.0 | PCB、龙头、客户优质、海外拓展；总市值218亿，处于进可攻退可守区间；PE(TTM)168.3倍；毛利率19.8%，利润垫偏薄；ROE 0.4%偏低；营收同比19.9%；利润同比-71.9% | 月涨幅分位24%；换手率7.86%；成交额11.0亿；价在MA20下方
603501,紫光国微,芯片智造,车规芯片,行业龙头、产能领先、国产替代,10.34,-31.07,无,58.0,9.1,58.0,73.75,基本面58.0 | 短线9.1 | 中期11.9 | 车规芯片、行业龙头、龙头、产能领先、国产替代；总市值1094亿，体量适中；PE(TTM)54.4倍；毛利率29.4%，处于一般水平；ROE 1.6%偏低；营收同比-0.9%；利润同比-41.9% | 月涨幅分位23%；换手率1.83%；成交额19.4亿；价在MA20下方
002584,西陇科学,芯片智造,湿电子化学品,行业核心、技术领先,2.84,4.45,无,46.0,52.5,46.0,10.06,基本面46.0 | 短线52.5 | 中期58.0 | 技术领先、核心；总市值56亿，体量适中；PE(TTM)117.5倍；毛利率8.8%，竞争压力较大；ROE 0.6%偏低；营收同比5.7%；利润同比38.7% | 月涨幅分位12%；换手率30.42%；成交额14.1亿；价在MA20上方
688261,东微半导,芯片智造,功率半导体,行业核心、技术突破、国产替代,28.09,12.79,无,42.0,38.7,42.0,76.67,基本面42.0 | 短线38.7 | 中期66.9 | 技术突破、国产替代、核心；总市值113亿，处于进可攻退可守区间；PE(TTM)510.0倍；毛利率16.7%，利润垫偏薄；ROE 0.2%偏低；营收同比-1.1%；利润同比-28.8% | 月涨幅分位54%；换手率6.44%；成交额7.5亿；价在MA20上方
601137,博威合金,芯片智造,靶材,核心供应商、技术突破,4.77,7.97,无,43.0,8.4,43.0,22.07,基本面43.0 | 短线8.4 | 中期52.5 | 技术突破、核心供应商、核心；总市值212亿，处于进可攻退可守区间；PE不可用或为负，估值可信度较低；毛利率8.1%，竞争压力较大；ROE -1.0%偏低；营收同比14.0%；利润同比-128.8% | 月涨幅分位14%；换手率4.27%；成交额9.0亿；价在MA20下方
600110,诺德科技,芯片智造,铜箔,3μm极薄、锂电+PCB双赛道、业绩扭亏,7.17,115.66,无,53.0,49.3,53.0,16.32,基本面53.0 | 短线49.3 | 中期79.0 | 铜箔；总市值265亿，处于进可攻退可守区间；PE(TTM)165.4倍，增速能部分消化估值；毛利率11.7%，利润垫偏薄；ROE 0.7%偏低；营收同比80.4%；利润同比206.4% | 月涨幅分位18%；换手率13.78%；成交额37.7亿；价在MA20上方
688388,嘉元科技,芯片智造,铜箔,高端锂电铜箔、3μm量产、PCB铜箔突破,-3.8,50.16,无,57.0,25.5,57.0,48.94,基本面57.0 | 短线25.5 | 中期72.6 | 铜箔；总市值280亿，处于进可攻退可守区间；PE(TTM)58.1倍，增速能部分消化估值；毛利率7.5%，竞争压力较大；ROE 1.7%偏低；营收同比73.9%；利润同比392.8% | 月涨幅分位5%；换手率6.58%；成交额18.8亿；价在MA20上方
300088,长信科技,芯片智造,玻璃基板,触控玻璃龙头、产能规模大、技术领先,11.91,94.18,无,42.0,75.4,42.0,10.77,基本面42.0 | 短线75.4 | 中期86.2 | 龙头、技术领先；总市值291亿，处于进可攻退可守区间；PE(TTM)152.1倍；毛利率9.5%，竞争压力较大；ROE 0.6%偏低；营收同比-11.8%；利润同比-39.9% | 月涨幅分位27%；换手率24.88%；成交额71.8亿；价在MA20上方
000969,安泰科技,芯片智造,靶材,核心供应商、技术领先,17.68,22.15,无,64.0,49.1,64.0,29.43,基本面64.0 | 短线49.1 | 中期65.0 | 技术领先、核心供应商、核心；总市值267亿，处于进可攻退可守区间；PE(TTM)67.3倍；毛利率17.1%，利润垫偏薄；ROE 1.7%偏低；营收同比34.8%；利润同比20.2% | 月涨幅分位38%；换手率5.73%；成交额15.4亿；价在MA20上方
002549,凯美特气,芯片智造,电子特气,行业核心、国产替代,-19.48,-10.3,无,49.0,54.3,49.0,15.73,基本面49.0 | 短线54.3 | 中期42.6 | 电子特气、国产替代、核心；总市值132亿，处于进可攻退可守区间；PE(TTM)307.6倍；毛利率30.9%，盈利能力良好；ROE 0.5%偏低；营收同比-5.6%；利润同比-66.2% | 月涨幅分位2%；换手率11.28%；成交额15.2亿；价在MA20上方
600745,闻泰科技,芯片智造,功率半导体,行业核心、国产替代、IDM龙头,-33.86,-54.75,无,52.0,14.0,52.0,15.22,基本面52.0 | 短线14.0 | 中期4.6 | 龙头、国产替代、核心；总市值210亿，处于进可攻退可守区间；PE不可用或为负，估值可信度较低；毛利率27.9%，处于一般水平；ROE -0.8%偏低；营收同比-93.8%；利润同比-172.4% | 月涨幅分位1%；换手率5.00%；成交额10.4亿；价在MA20下方
000012,南玻A,芯片智造,玻璃基板,浮法玻璃龙头、全产业链、产能领先,0.0,8.35,无,49.0,52.1,49.0,5.11,基本面49.0 | 短线52.1 | 中期62.2 | 龙头、产能领先、全产业链；总市值146亿，处于进可攻退可守区间；PE不可用或为负，估值可信度较低；毛利率11.0%，利润垫偏薄；ROE -0.8%偏低；营收同比-2.6%；利润同比-721.6% | 月涨幅分位10%；换手率7.82%；成交额7.5亿；价在MA20上方
000725,京东方A,芯片智造,玻璃基板,赛道跟踪,38.5,87.71,无,45.0,83.9,45.0,9.24,基本面45.0 | 短线83.9 | 中期86.7 | 赛道与标签信息一般；总市值2886亿，体量偏大导致赔率下降；PE(TTM)42.3倍；毛利率15.6%，利润垫偏薄；ROE 1.3%偏低；营收同比0.8%；利润同比5.8% | 月涨幅分位66%；换手率12.79%；成交额356.8亿；价在MA20上方
600552,凯盛科技,芯片智造,玻璃基板,赛道跟踪,25.8,139.68,无,41.0,78.4,41.0,30.16,基本面41.0 | 短线78.4 | 中期93.9 | 赛道与标签信息一般；总市值280亿，处于进可攻退可守区间；PE(TTM)250.4倍；毛利率18.2%，利润垫偏薄；ROE 0.7%偏低；营收同比15.1%；利润同比17.1% | 月涨幅分位49%；换手率16.23%；成交额44.7亿；价在MA20上方
300776,帝尔激光,芯片智造,玻璃基板,TGV激光,55.34,214.98,无,55.0,87.0,55.0,226.71,基本面55.0 | 短线87.0 | 中期96.3 | 赛道与标签信息一般；总市值555亿，处于进可攻退可守区间；PE(TTM)84.8倍；毛利率47.5%，盈利能力优秀；ROE 4.1%偏低；营收同比-24.7%；利润同比0.3% | 月涨幅分位84%；换手率14.09%；成交额48.7亿；价在MA20上方
002008,大族激光,芯片智造,玻璃基板,TGV激光,28.33,269.04,无,59.0,85.9,59.0,189.93,基本面59.0 | 短线85.9 | 中期95.1 | 赛道与标签信息一般；总市值1557亿，弹性或空间略受限；PE(TTM)110.0倍，增速能部分消化估值；毛利率34.0%，盈利能力良好；ROE 1.9%偏低；营收同比74.4%；利润同比116.6% | 月涨幅分位55%；换手率13.19%；成交额199.6亿；价在MA20上方
688559,海目星,芯片智造,玻璃基板,TGV激光,16.79,63.75,无,57.0,59.5,57.0,86.27,基本面57.0 | 短线59.5 | 中期78.7 | 赛道与标签信息一般；总市值195亿，处于进可攻退可守区间；PE(TTM)193.4倍，增速能部分消化估值；毛利率21.9%，处于一般水平；ROE 1.1%偏低；营收同比144.4%；利润同比113.4% | 月涨幅分位34%；换手率6.97%；成交额13.7亿；价在MA20上方
688603,天承科技,芯片智造,湿电子化学品,赛道跟踪,87.11,165.22,无,55.0,77.7,55.0,228.12,基本面55.0 | 短线77.7 | 中期94.2 | 赛道与标签信息一般；总市值248亿，处于进可攻退可守区间；PE(TTM)207.1倍；毛利率37.9%，盈利能力良好；ROE 2.5%偏低；营收同比42.4%；利润同比57.8% | 月涨幅分位95%；换手率23.96%；成交额21.8亿；价在MA20上方
688362,甬矽电子,芯片智造,先进封装,赛道跟踪,47.28,133.01,无,46.0,74.8,46.0,77.02,基本面46.0 | 短线74.8 | 中期88.3 | 先进封装；总市值342亿，处于进可攻退可守区间；PE(TTM)321.4倍；毛利率17.5%，利润垫偏薄；ROE 1.0%偏低；营收同比24.0%；利润同比8.2% | 月涨幅分位74%；换手率7.76%；成交额27.3亿；价在MA20上方
000636,风华高科,芯片智造,MLCC,赛道跟踪,94.54,382.19,无,40.0,92.4,40.0,85.3,基本面40.0 | 短线92.4 | 中期99.0 | 赛道与标签信息一般；总市值908亿，体量适中；PE(TTM)256.4倍；毛利率16.8%，利润垫偏薄；ROE 0.7%偏低；营收同比18.9%；利润同比37.1% | 月涨幅分位97%；换手率12.27%；成交额111.9亿；价在MA20上方
300408,三环集团,芯片智造,MLCC,赛道跟踪,64.87,253.31,无,57.0,82.3,57.0,193.3,基本面57.0 | 短线82.3 | 中期97.4 | 赛道与标签信息一般；总市值3067亿，体量偏大导致赔率下降；PE(TTM)97.0倍，增速能部分消化估值；毛利率43.5%，盈利能力优秀；ROE 3.6%偏低；营收同比46.3%；利润同比48.5% | 月涨幅分位90%；换手率4.00%；成交额119.4亿；价在MA20上方
688720,艾森股份,芯片智造,光刻胶、湿电子化学品,赛道跟踪,29.9,86.47,无,50.0,66.1,50.0,99.68,基本面50.0 | 短线66.1 | 中期86.7 | 光刻胶；总市值116亿，处于进可攻退可守区间；PE(TTM)307.6倍；毛利率27.7%，处于一般水平；ROE 0.9%偏低；营收同比28.1%；利润同比24.5% | 月涨幅分位58%；换手率11.77%；成交额8.7亿；价在MA20上方
688372,伟测科技,芯片智造,先进封装、韬定律,赛道跟踪,16.15,54.69,无,70.0,62.7,70.0,204.88,基本面70.0 | 短线62.7 | 中期75.6 | 先进封装；总市值282亿，处于进可攻退可守区间；PE(TTM)99.6倍，增速能部分消化估值；毛利率35.0%，盈利能力良好；ROE 2.4%偏低；营收同比71.8%；利润同比173.4% | 月涨幅分位33%；换手率7.81%；成交额22.9亿；价在MA20上方
688630,芯碁微装,芯片智造,光刻设备、韬定律,芯片测试,11.92,294.51,无,70.0,63.7,70.0,624.98,基本面70.0 | 短线63.7 | 中期96.6 | 光刻设备；总市值763亿，处于进可攻退可守区间；PE(TTM)160.4倍，增速能部分消化估值；毛利率40.9%，盈利能力优秀；ROE 4.6%偏低；营收同比112.5%；利润同比109.0% | 月涨幅分位28%；换手率4.09%；成交额28.6亿；价在MA20上方
301312,智立方,芯片智造,先进封装,赛道跟踪,19.23,194.76,无,47.0,40.5,47.0,92.22,基本面47.0 | 短线40.5 | 中期83.3 | 先进封装；总市值176亿，处于进可攻退可守区间；PE(TTM)305.8倍；毛利率28.8%，处于一般水平；ROE 1.2%偏低；营收同比20.0%；利润同比-42.2% | 月涨幅分位40%；换手率5.09%；成交额4.6亿；价在MA20上方
603031,安孚科技,光模块,高速光芯片,赛道跟踪,39.91,71.24,无,79.0,33.0,79.0,65.22,基本面79.0 | 短线33.0 | 中期58.6 | 高速光芯片；总市值195亿，处于进可攻退可守区间；PE(TTM)36.4倍，增速能部分消化估值；毛利率52.3%，盈利壁垒强；ROE 4.8%偏低；营收同比-3.4%；利润同比87.8% | 月涨幅分位68%；换手率8.69%；成交额14.5亿；价在MA20下方
301269,华大九天,芯片智造,EDA软件,赛道跟踪,46.21,7.14,无,53.0,64.8,53.0,124.53,基本面53.0 | 短线64.8 | 中期61.0 | 赛道与标签信息一般；总市值620亿，处于进可攻退可守区间；PE不可用或为负，估值可信度较低；毛利率78.8%，盈利壁垒强；ROE -1.4%偏低；营收同比9.6%；利润同比-851.5% | 月涨幅分位73%；换手率4.69%；成交额28.5亿；价在MA20上方
688206,概伦电子,芯片智造,EDA软件,赛道跟踪,22.34,15.96,无,53.0,53.3,53.0,43.79,基本面53.0 | 短线53.3 | 中期64.4 | 赛道与标签信息一般；总市值176亿，处于进可攻退可守区间；PE不可用或为负，估值可信度较低；毛利率86.2%，盈利壁垒强；ROE -0.6%偏低；营收同比10.1%；利润同比-917.2% | 月涨幅分位44%；换手率3.52%；成交额6.1亿；价在MA20上方
301095,广立微,芯片智造,EDA软件,赛道跟踪,21.05,49.34,无,62.0,66.4,62.0,136.67,基本面62.0 | 短线66.4 | 中期76.6 | 赛道与标签信息一般；总市值214亿，处于进可攻退可守区间；PE不可用或为负，估值可信度较低；毛利率56.1%，盈利壁垒强；ROE -0.3%偏低；营收同比58.5%；利润同比21.9% | 月涨幅分位42%；换手率11.83%；成交额21.4亿；价在MA20上方
688535,华海诚科,芯片智造,先进封装,环氧塑封料,56.24,116.44,无,56.0,80.7,56.0,188.37,基本面56.0 | 短线80.7 | 中期91.1 | 先进封装；总市值233亿，处于进可攻退可守区间；PE(TTM)430.1倍；毛利率28.6%，处于一般水平；ROE 0.6%偏低；营收同比165.6%；利润同比87.6% | 月涨幅分位85%；换手率13.54%；成交额28.4亿；价在MA20上方
688700,东威科技,芯片智造,薄膜沉积、韬定律,赛道跟踪,40.73,172.99,无,67.0,60.8,67.0,110.59,基本面67.0 | 短线60.8 | 中期86.3 | 薄膜沉积；总市值287亿，处于进可攻退可守区间；PE(TTM)162.1倍，增速能部分消化估值；毛利率37.3%，盈利能力良好；ROE 2.4%偏低；营收同比44.5%；利润同比160.6% | 月涨幅分位70%；换手率7.19%；成交额20.1亿；价在MA20上方
688545,兴福电子,芯片智造,光刻胶、湿电子化学品,赛道跟踪,47.67,217.58,无,55.0,42.9,55.0,81.55,基本面55.0 | 短线42.9 | 中期29.3 | 光刻胶；总市值426亿，处于进可攻退可守区间；PE(TTM)166.3倍；毛利率26.5%，处于一般水平；ROE 2.1%偏低；营收同比36.7%；利润同比20.2% | 月涨幅分位76%；换手率13.84%；成交额31.4亿 | 2026-06-28 18:08 CST 日线接口超时，目标价沿用上一有效值 81.55 | 2026-06-28 18:08 CST 日线接口超时，均线/目标价未完整刷新
688627,精智达,芯片智造,存储芯片,存储测试,40.93,192.65,无,60.0,74.9,60.0,759.83,基本面60.0 | 短线74.9 | 中期95.0 | 存储芯片；总市值615亿，处于进可攻退可守区间；PE(TTM)1057.2倍；毛利率43.2%，盈利能力优秀；ROE 0.8%偏低；营收同比118.8%；利润同比189.7% | 月涨幅分位71%；换手率8.17%；成交额38.8亿；价在MA20上方
603203,快克智能,芯片智造,先进封装、韬定律、键合,赛道跟踪,56.97,173.58,无,68.0,72.2,68.0,90.33,基本面68.0 | 短线72.2 | 中期96.1 | 先进封装；总市值251亿，处于进可攻退可守区间；PE(TTM)81.4倍；毛利率49.8%，盈利能力优秀；ROE 5.3%；营收同比33.1%；利润同比16.1% | 月涨幅分位86%；换手率6.51%；成交额15.7亿；价在MA20上方
688183,生益电子,芯片智造,PCB,赛道跟踪,20.94,38.7,无,71.0,29.9,71.0,160.78,基本面71.0 | 短线29.9 | 中期77.8 | PCB；总市值1105亿，体量适中；PE(TTM)62.1倍，增速能部分消化估值；毛利率35.2%，盈利能力良好；ROE 7.5%；营收同比52.6%；利润同比122.2% | 月涨幅分位42%；换手率2.63%；成交额29.2亿；价在MA20上方
688123,聚辰股份,芯片智造,存储芯片,赛道跟踪,17.06,51.7,无,49.0,67.6,49.0,173.17,基本面49.0 | 短线67.6 | 中期75.6 | 存储芯片；总市值301亿，处于进可攻退可守区间；PE(TTM)244.0倍；毛利率48.9%，盈利能力优秀；ROE 1.2%偏低；营收同比7.3%；利润同比-69.0% | 月涨幅分位36%；换手率14.97%；成交额45.6亿；价在MA20上方
603459,红板科技,芯片智造,PCB,赛道跟踪,73.06,423.95,无,53.0,77.5,53.0,89.23,基本面53.0 | 短线77.5 | 中期45.2 | PCB；总市值699亿，处于进可攻退可守区间；PE(TTM)141.2倍；毛利率25.2%，处于一般水平；ROE 5.2%；营收同比22.9%；利润同比14.4% | 月涨幅分位92%；换手率27.79%；成交额20.9亿；价在MA20上方
301666,大普微,芯片智造,存储芯片,赛道跟踪,241.72,1327.93,无,62.0,52.6,62.0,664.37,基本面62.0 | 短线52.6 | 中期31.9 | 存储芯片；总市值2870亿，体量偏大导致赔率下降；PE(TTM)194.0倍，增速能部分消化估值；毛利率37.6%，盈利能力良好；ROE 60.7%；营收同比341.0%；利润同比398.9% | 月涨幅分位100%；换手率21.65%；成交额38.9亿；价在MA20下方
